{
  "dev": {
    "awscloudformation": {
      "AuthRoleName": "amplify-neurolife-dev-6362b-authRole",
      "UnauthRoleArn": "arn:aws:iam::876208700502:role/amplify-neurolife-dev-6362b-unauthRole",
      "AuthRoleArn": "arn:aws:iam::876208700502:role/amplify-neurolife-dev-6362b-authRole",
      "Region": "us-west-2",
      "DeploymentBucketName": "amplify-neurolife-dev-6362b-deployment",
      "UnauthRoleName": "amplify-neurolife-dev-6362b-unauthRole",
      "StackName": "amplify-neurolife-dev-6362b",
      "StackId": "arn:aws:cloudformation:us-west-2:876208700502:stack/amplify-neurolife-dev-6362b/c2b0aee0-4bdd-11f0-ad40-06a33d7c476b",
      "AmplifyAppId": "d3sjofun5hi9p8"
    },
    "categories": {
      "auth": {
        "neurolifec8742bcd": {}
      },
      "api": {
        "neurolife": {}
      }
    }
  }
}